Type,Method,Job,AnalyzeLaunchVariance,EvaluateOverhead,MaxAbsoluteError,MaxRelativeError,MinInvokeCount,MinIterationTime,OutlierMode,Affinity,EnvironmentVariables,Jit,LargeAddressAware,Platform,PowerPlanMode,Runtime,AllowVeryLargeObjects,Concurrent,CpuGroups,Force,HeapAffinitizeMask,HeapCount,NoAffinitize,RetainVm,Server,Arguments,BuildConfiguration,Clock,EngineFactory,NuGetReferences,Toolchain,IsMutator,InvocationCount,IterationCount,IterationTime,LaunchCount,MaxIterationCount,MaxWarmupIterationCount,MemoryRandomization,MinIterationCount,MinWarmupIterationCount,RunStrategy,UnrollFactor,WarmupCount,UserCount,Mean,Error,StdDev,Gen0,Gen1,Allocated
ArraySegmentVsMemoryBenchmarks,'Current: ArraySegment chunking',ShortRun,False,Default,Default,Default,Default,Default,Default,1111111111111111,Empty,RyuJit,Default,X64,8c5e7fda-e8bf-4a96-9a85-a6e23a8c635c,.NET 9.0,False,True,False,True,Default,Default,False,False,False,Default,Default,Default,Default,Default,Default,Default,Default,10,Default,1,Default,Default,Default,Default,Default,Default,16,5,?,1.480 ns,0.0567 ns,0.0338 ns,0.0000,0.0000,0 B
CloseCodesBenchmarks,'Current: ReadOnlyDictionary',ShortRun,False,Default,Default,Default,Default,Default,Default,1111111111111111,Empty,RyuJit,Default,X64,8c5e7fda-e8bf-4a96-9a85-a6e23a8c635c,.NET 9.0,False,True,False,True,Default,Default,False,False,False,Default,Default,Default,Default,Default,Default,Default,Default,10,Default,1,Default,Default,Default,Default,Default,Default,16,5,?,38.195 ns,0.9843 ns,0.5858 ns,0.0000,0.0000,0 B
DaveAudioPayloadBenchmarks,'Current: Rent+Copy+Return',ShortRun,False,Default,Default,Default,Default,Default,Default,1111111111111111,Empty,RyuJit,Default,X64,8c5e7fda-e8bf-4a96-9a85-a6e23a8c635c,.NET 9.0,False,True,False,True,Default,Default,False,False,False,Default,Default,Default,Default,Default,Default,Default,Default,10,Default,1,Default,Default,Default,Default,Default,Default,16,5,?,134.004 ns,12.3198 ns,8.1488 ns,0.1205,0.0000,1008 B
IpDiscoveryBenchmarks,'Current: new byte[74] + BitConverter',ShortRun,False,Default,Default,Default,Default,Default,Default,1111111111111111,Empty,RyuJit,Default,X64,8c5e7fda-e8bf-4a96-9a85-a6e23a8c635c,.NET 9.0,False,True,False,True,Default,Default,False,False,False,Default,Default,Default,Default,Default,Default,Default,Default,10,Default,1,Default,Default,Default,Default,Default,Default,16,5,?,26.882 ns,3.2106 ns,2.1236 ns,0.0162,0.0000,136 B
QueueItemBenchmarks,'Current: class QueueItem',ShortRun,False,Default,Default,Default,Default,Default,Default,1111111111111111,Empty,RyuJit,Default,X64,8c5e7fda-e8bf-4a96-9a85-a6e23a8c635c,.NET 9.0,False,True,False,True,Default,Default,False,False,False,Default,Default,Default,Default,Default,Default,Default,Default,10,Default,1,Default,Default,Default,Default,Default,Default,16,5,?,"6,369.996 ns",669.6255 ns,442.9158 ns,1.9608,0.0610,16408 B
ArraySegmentVsMemoryBenchmarks,'Fixed: ReadOnlyMemory chunking',ShortRun,False,Default,Default,Default,Default,Default,Default,1111111111111111,Empty,RyuJit,Default,X64,8c5e7fda-e8bf-4a96-9a85-a6e23a8c635c,.NET 9.0,False,True,False,True,Default,Default,False,False,False,Default,Default,Default,Default,Default,Default,Default,Default,10,Default,1,Default,Default,Default,Default,Default,Default,16,5,?,1.495 ns,0.0236 ns,0.0140 ns,0.0000,0.0000,0 B
CloseCodesBenchmarks,'Fixed: FrozenDictionary',ShortRun,False,Default,Default,Default,Default,Default,Default,1111111111111111,Empty,RyuJit,Default,X64,8c5e7fda-e8bf-4a96-9a85-a6e23a8c635c,.NET 9.0,False,True,False,True,Default,Default,False,False,False,Default,Default,Default,Default,Default,Default,Default,Default,10,Default,1,Default,Default,Default,Default,Default,Default,16,5,?,14.444 ns,0.3489 ns,0.2308 ns,0.0000,0.0000,0 B
DaveAudioPayloadBenchmarks,'Fixed: Rent+Use+Return',ShortRun,False,Default,Default,Default,Default,Default,Default,1111111111111111,Empty,RyuJit,Default,X64,8c5e7fda-e8bf-4a96-9a85-a6e23a8c635c,.NET 9.0,False,True,False,True,Default,Default,False,False,False,Default,Default,Default,Default,Default,Default,Default,Default,10,Default,1,Default,Default,Default,Default,Default,Default,16,5,?,90.534 ns,1.4235 ns,0.8471 ns,0.0000,0.0000,0 B
IpDiscoveryBenchmarks,'Fixed: stackalloc + BinaryPrimitives',ShortRun,False,Default,Default,Default,Default,Default,Default,1111111111111111,Empty,RyuJit,Default,X64,8c5e7fda-e8bf-4a96-9a85-a6e23a8c635c,.NET 9.0,False,True,False,True,Default,Default,False,False,False,Default,Default,Default,Default,Default,Default,Default,Default,10,Default,1,Default,Default,Default,Default,Default,Default,16,5,?,1.254 ns,0.0410 ns,0.0244 ns,0.0000,0.0000,0 B
QueueItemBenchmarks,'Fixed: struct QueueItem',ShortRun,False,Default,Default,Default,Default,Default,Default,1111111111111111,Empty,RyuJit,Default,X64,8c5e7fda-e8bf-4a96-9a85-a6e23a8c635c,.NET 9.0,False,True,False,True,Default,Default,False,False,False,Default,Default,Default,Default,Default,Default,Default,Default,10,Default,1,Default,Default,Default,Default,Default,Default,16,5,?,"5,441.117 ns",478.4857 ns,284.7392 ns,1.7929,0.0687,15008 B
PoopyBufferReadBenchmarks,'Current: Copy to output array',ShortRun,False,Default,Default,Default,Default,Default,Default,1111111111111111,Empty,RyuJit,Default,X64,8c5e7fda-e8bf-4a96-9a85-a6e23a8c635c,.NET 9.0,False,True,False,True,Default,Default,False,False,False,Default,Default,Default,Default,Default,Default,Default,1,10,Default,1,Default,Default,Default,Default,Default,Default,1,5,?,"4,321.375 ns",322.7510 ns,168.8050 ns,0.0000,0.0000,0 B
PoopyBufferReadBenchmarks,"'Fixed: Direct span, no copy'",ShortRun,False,Default,Default,Default,Default,Default,Default,1111111111111111,Empty,RyuJit,Default,X64,8c5e7fda-e8bf-4a96-9a85-a6e23a8c635c,.NET 9.0,False,True,False,True,Default,Default,False,False,False,Default,Default,Default,Default,Default,Default,Default,1,10,Default,1,Default,Default,Default,Default,Default,Default,1,5,?,"2,081.800 ns","1,011.3266 ns",668.9300 ns,0.0000,0.0000,0 B
GetRecognizedUserIdsBenchmarks,'Current: List+Add+ToArray',ShortRun,False,Default,Default,Default,Default,Default,Default,1111111111111111,Empty,RyuJit,Default,X64,8c5e7fda-e8bf-4a96-9a85-a6e23a8c635c,.NET 9.0,False,True,False,True,Default,Default,False,False,False,Default,Default,Default,Default,Default,Default,Default,Default,10,Default,1,Default,Default,Default,Default,Default,Default,16,5,5,113.693 ns,12.0813 ns,7.9910 ns,0.0324,0.0000,272 B
GetRecognizedUserIdsBenchmarks,'Fixed: Pre-sized array',ShortRun,False,Default,Default,Default,Default,Default,Default,1111111111111111,Empty,RyuJit,Default,X64,8c5e7fda-e8bf-4a96-9a85-a6e23a8c635c,.NET 9.0,False,True,False,True,Default,Default,False,False,False,Default,Default,Default,Default,Default,Default,Default,Default,10,Default,1,Default,Default,Default,Default,Default,Default,16,5,5,39.525 ns,5.1983 ns,3.4384 ns,0.0086,0.0000,72 B
GetRecognizedUserIdsBenchmarks,'Current: List+Add+ToArray',ShortRun,False,Default,Default,Default,Default,Default,Default,1111111111111111,Empty,RyuJit,Default,X64,8c5e7fda-e8bf-4a96-9a85-a6e23a8c635c,.NET 9.0,False,True,False,True,Default,Default,False,False,False,Default,Default,Default,Default,Default,Default,Default,Default,10,Default,1,Default,Default,Default,Default,Default,Default,16,5,20,244.769 ns,21.7416 ns,14.3807 ns,0.0899,0.0000,752 B
GetRecognizedUserIdsBenchmarks,'Fixed: Pre-sized array',ShortRun,False,Default,Default,Default,Default,Default,Default,1111111111111111,Empty,RyuJit,Default,X64,8c5e7fda-e8bf-4a96-9a85-a6e23a8c635c,.NET 9.0,False,True,False,True,Default,Default,False,False,False,Default,Default,Default,Default,Default,Default,Default,Default,10,Default,1,Default,Default,Default,Default,Default,Default,16,5,20,92.802 ns,7.6136 ns,5.0359 ns,0.0229,0.0000,192 B
GetRecognizedUserIdsBenchmarks,'Current: List+Add+ToArray',ShortRun,False,Default,Default,Default,Default,Default,Default,1111111111111111,Empty,RyuJit,Default,X64,8c5e7fda-e8bf-4a96-9a85-a6e23a8c635c,.NET 9.0,False,True,False,True,Default,Default,False,False,False,Default,Default,Default,Default,Default,Default,Default,Default,10,Default,1,Default,Default,Default,Default,Default,Default,16,5,50,484.641 ns,32.7018 ns,19.4603 ns,0.2041,0.0000,1712 B
GetRecognizedUserIdsBenchmarks,'Fixed: Pre-sized array',ShortRun,False,Default,Default,Default,Default,Default,Default,1111111111111111,Empty,RyuJit,Default,X64,8c5e7fda-e8bf-4a96-9a85-a6e23a8c635c,.NET 9.0,False,True,False,True,Default,Default,False,False,False,Default,Default,Default,Default,Default,Default,Default,Default,10,Default,1,Default,Default,Default,Default,Default,Default,16,5,50,197.586 ns,6.9827 ns,4.6186 ns,0.0515,0.0000,432 B
